Dataset,Accuracy,Precision,Recall,F1_Score,Positive_Pct,Model
Illinois Waterway - xGBoost,0.7339901477832512,0.7971311475409836,0.8606194690265486,0.8276595744680851,74.2200328407225,xGBoost
Mississippi River - xGBoost,0.7093728927848955,0.7507936507936508,0.889934148635936,0.8144640551011623,71.67902899527984,xGBoost
Combined - xGBoost,0.7280966767371602,0.7511160714285714,0.9347222222222222,0.8329207920792079,72.50755287009063,xGBoost
Illinois Waterway - LSTM,0.6903114186851211,0.7026548672566372,0.9730392156862745,0.816032887975334,70.58823529411765,LSTM
Mississippi River - LSTM,0.5281879194630873,0.7545454545454545,0.5305936073059361,0.6230563002680964,73.48993288590604,LSTM
Combined - LSTM,0.6263237518910741,0.7415807560137457,0.747229916897507,0.7443946188340808,72.81896116994453,LSTM
