Dataset,Model,Sequence_Length,Forecast_Horizon,Val_RMSE,Val_MAE,Test_RMSE_All,Test_MAE_All,Test_RMSE_1Step,Test_MAE_1Step,Accuracy_1Step,F1_1Step,Training_Time_Min
Illinois Waterway,LSTM,60,40,2.4510824690243127,1.179478337487995,1.772666812308979,0.8958875358999788,1.7564412752420573,0.8780014900168993,0.5641025641025641,0.2693409742120344,3.591893267631531
Mississippi River,LSTM,30,40,2.803027719476089,1.4695100908989878,2.8708467089033953,1.5565085274617174,2.8314460144611613,1.5224511526611428,0.6584717607973422,0.08540925266903913,4.056573100884756
Combined,LSTM,30,40,2.643592067265776,1.3280166992342217,2.643336633367888,1.354292628886987,2.616626233497719,1.3407391054477538,0.6717974180734856,NA,5.9080045342445375
