Dataset,Accuracy,Precision,Recall,F1_Score,Model
Illinois Waterway,0.739202657807309,0.7292817679558011,0.55,0.6270783847980997,xGBoost
Mississippi River,0.6755142667551427,0.5401301518438177,0.47338403041825095,0.5045592705167172,xGBoost
Combined,0.6571287617168229,0.57543391188251,0.5334158415841584,0.5536287732819526,xGBoost
Illinois Waterway,0.7326565143824028,NA,0,NA,LSTM
Mississippi River,0.6345514950166113,0.4250871080139373,0.2406311637080868,0.3073047858942066,LSTM
Combined,0.6305858987090367,0.4218455743879473,0.3388804841149773,0.3758389261744967,LSTM
