Dataset,Accuracy,Precision,Recall,F1_Score,Model
Illinois Waterway,0.7325581395348837,0.7231638418079096,0.5333333333333333,0.6139088729016787,xGBoost
Mississippi River,0.6728599867285998,0.5379310344827586,0.4448669201520912,0.4869927159209157,xGBoost
Combined,0.6605821410952146,0.5789473684210527,0.5445544554455446,0.5612244897959184,xGBoost
Illinois Waterway,0.6175972927241963,0.2605633802816901,0.23417721518987342,0.24666666666666665,LSTM
Mississippi River,0.5960132890365448,0.4303448275862069,0.6153846153846154,0.5064935064935064,LSTM
Combined,0.637537239324727,0.38461538461538464,0.17397881996974282,0.23958333333333337,LSTM
